{"assets/.DS_Store":["assets/.DS_Store","assets/fonts/.DS_Store"],"assets/.notehead_filled.svg.png-aDMR":["assets/.notehead_filled.svg.png-aDMR"],"packages/cupertino_icons/assets/CupertinoIcons.ttf":["packages/cupertino_icons/assets/CupertinoIcons.ttf"],"assets/add.png":["assets/add.png"],"assets/colorboard.png":["assets/colorboard.png"],"assets/colorboard_vertical.png":["assets/colorboard_vertical.png"],"assets/edit.png":["assets/edit.png"],"assets/edit.svg":["assets/edit.svg"],"assets/logo.png":["assets/logo.png"],"assets/logo.svg":["assets/logo.svg"],"assets/metronome.png":["assets/metronome.png"],"assets/metronome.svg":["assets/metronome.svg"],"assets/notehead_filled.png":["assets/notehead_filled.png"],"assets/notehead_filled.svg":["assets/notehead_filled.svg"],"assets/notehead_half.svg":["assets/notehead_half.svg"],"assets/piano-old.png":["assets/piano-old.png"],"assets/piano.png":["assets/piano.png"],"assets/play.png":["assets/play.png"],"assets/play_en_badge_web_generic.png":["assets/play_en_badge_web_generic.png"],"assets/split_full.png":["assets/split_full.png"],"assets/split_horizontal.png":["assets/split_horizontal.png"],"assets/split_vertical.png":["assets/split_vertical.png"],"assets/stop.png":["assets/stop.png"],"assets/trash.png":["assets/trash.png"],"assets/fonts/vulf_sans_black.otf":["assets/fonts/vulf_sans_black.otf"],"assets/fonts/vulf_sans_bold.otf":["assets/fonts/vulf_sans_bold.otf"],"assets/fonts/vulf_sans_light.otf":["assets/fonts/vulf_sans_light.otf"],"assets/fonts/vulf_sans_medium.otf":["assets/fonts/vulf_sans_medium.otf"],"assets/fonts/vulf_sans_regular.otf":["assets/fonts/vulf_sans_regular.otf"]}