[{"family":"MaterialIcons","fonts":[{"asset":"fonts/MaterialIcons-Regular.ttf"}]},{"family":"VulfSans","fonts":[{"asset":"assets/fonts/vulf_sans_medium.otf"},{"weight":200,"asset":"assets/fonts/vulf_sans_light.otf"},{"weight":500,"asset":"assets/fonts/vulf_sans_regular.otf"},{"weight":700,"asset":"assets/fonts/vulf_sans_bold.otf"},{"weight":800,"asset":"assets/fonts/vulf_sans_black.otf"}]},{"family":"packages/cupertino_icons/CupertinoIcons","fonts":[{"asset":"packages/cupertino_icons/assets/CupertinoIcons.ttf"}]},{"family":"MaterialIcons","fonts":[{"asset":"fonts/MaterialIcons-Regular.ttf"}]}]